,Year,Continent ID,Continent,Country ID,Country,Trade Value
0,1997,af,Africa,afdza,Algeria,62571.99999999999
1,1997,af,Africa,aflbr,Liberia,1119322.0
2,1997,af,Africa,afmar,Morocco,567556.0
3,1997,af,Africa,aftun,Tunisia,46663.99999999999
4,1997,as,Asia,assau,Saudi Arabia,1685576.0
5,1997,as,Asia,astur,Turkey,2198926.0
6,1997,eu,Europe,euaut,Austria,10336241.0
7,1997,eu,Europe,eubgr,Bulgaria,420935.0
8,1997,eu,Europe,eublx,Belgium-Luxembourg,205886870.0
9,1997,eu,Europe,euche,Switzerland,5329670.999999999
10,1997,eu,Europe,eucze,Czechia,20423040.0
11,1997,eu,Europe,eudeu,Germany,18275849.0
12,1997,eu,Europe,eudnk,Denmark,393949.0
13,1997,eu,Europe,euesp,Spain,18898740.0
14,1997,eu,Europe,euest,Estonia,60793.0
15,1997,eu,Europe,eufin,Finland,1925837.0000000002
16,1997,eu,Europe,eufra,France,1790567.0
17,1997,eu,Europe,eugbr,United Kingdom,156552.00000000003
18,1997,eu,Europe,eugrc,Greece,4322140.0
19,1997,eu,Europe,euhrv,Croatia,1463914.0
20,1997,eu,Europe,euhun,Hungary,127734.0
21,1997,eu,Europe,euirl,Ireland,7411219.0
22,1997,eu,Europe,euisl,Iceland,68546.0
23,1997,eu,Europe,euita,Italy,29222306.0
24,1997,eu,Europe,eultu,Lithuania,27720.0
25,1997,eu,Europe,eumkd,North Macedonia,254130.99999999997
26,1997,eu,Europe,eumlt,Malta,584075.0
27,1997,eu,Europe,eunld,Netherlands,56544.0
28,1997,eu,Europe,eunor,Norway,12636921.999999998
29,1997,eu,Europe,eupol,Poland,24782221.0
30,1997,eu,Europe,euprt,Portugal,289719.0
31,1997,eu,Europe,eurou,Romania,781331.0
32,1997,eu,Europe,eurus,Russia,41154401.0
33,1997,eu,Europe,eusvk,Slovakia,10331105.0
34,1997,eu,Europe,eusvn,Slovenia,1328457.9999999998
35,1997,eu,Europe,euswe,Sweden,8015303.000000001
36,1997,eu,Europe,euukr,Ukraine,945584.0
37,1997,eu,Europe,euyug,Yugoslavia,8650000.0
38,1997,na,North America,nacan,Canada,517833.00000000006
39,1997,na,North America,nausa,United States,172607955.0
40,1997,sa,South America,saarg,Argentina,514.0
41,1997,sa,South America,sabol,Bolivia,140671.0
0,1998,af,Africa,afmar,Morocco,508014.0
1,1998,af,Africa,afrwa,Rwanda,19505.0
2,1998,af,Africa,aftun,Tunisia,86275.0
3,1998,as,Asia,aschn,China,1793342.0
4,1998,as,Asia,asgeo,Georgia,45891.00000000001
5,1998,as,Asia,asjor,Jordan,11225.0
6,1998,as,Asia,askaz,Kazakhstan,193827.0
7,1998,as,Asia,aspak,Pakistan,61526.0
8,1998,as,Asia,assau,Saudi Arabia,2897560.0
9,1998,as,Asia,assyr,Syria,774352.0
10,1998,as,Asia,astur,Turkey,581905.0
11,1998,eu,Europe,eualb,Albania,263652.0
12,1998,eu,Europe,euaut,Austria,12406001.0
13,1998,eu,Europe,eubgr,Bulgaria,1447830.0
14,1998,eu,Europe,eublr,Belarus,796699.0
15,1998,eu,Europe,eublx,Belgium-Luxembourg,193834360.0
16,1998,eu,Europe,euche,Switzerland,1184928.9999999998
17,1998,eu,Europe,eucze,Czechia,22611147.999999996
18,1998,eu,Europe,eudeu,Germany,27958528.0
19,1998,eu,Europe,eudnk,Denmark,564640.0
20,1998,eu,Europe,euesp,Spain,10948795.0
21,1998,eu,Europe,euest,Estonia,2786.0
22,1998,eu,Europe,eufin,Finland,2554227.0000000005
23,1998,eu,Europe,eufra,France,1558918.0
24,1998,eu,Europe,eugbr,United Kingdom,404140.99999999994
25,1998,eu,Europe,eugrc,Greece,920978.0000000001
26,1998,eu,Europe,euhrv,Croatia,1999739.0
27,1998,eu,Europe,euhun,Hungary,6678459.0
28,1998,eu,Europe,euirl,Ireland,31620.0
29,1998,eu,Europe,euisl,Iceland,20755.0
30,1998,eu,Europe,euita,Italy,34297277.0
31,1998,eu,Europe,eultu,Lithuania,671324.0
32,1998,eu,Europe,eulva,Latvia,5980.0
33,1998,eu,Europe,eumda,Moldova,15879.000000000002
34,1998,eu,Europe,eumkd,North Macedonia,565254.0
35,1998,eu,Europe,eumlt,Malta,601164.0
36,1998,eu,Europe,eunld,Netherlands,48754.0
37,1998,eu,Europe,eunor,Norway,14402104.0
38,1998,eu,Europe,eupol,Poland,2408620.0
39,1998,eu,Europe,euprt,Portugal,6653524.0
40,1998,eu,Europe,eurou,Romania,3537619.0
41,1998,eu,Europe,eurus,Russia,37623361.00000001
42,1998,eu,Europe,eusvk,Slovakia,9719907.0
43,1998,eu,Europe,eusvn,Slovenia,507736.99999999994
44,1998,eu,Europe,euswe,Sweden,12469740.0
45,1998,eu,Europe,euukr,Ukraine,181643.0
46,1998,eu,Europe,euyug,Yugoslavia,7383000.0
47,1998,na,North America,nabhs,Bahamas,138347.0
48,1998,na,North America,nabmu,Bermuda,220408.0
49,1998,na,North America,nacan,Canada,35738565.0
50,1998,na,North America,nagrl,Greenland,13324.000000000002
51,1998,na,North America,namsr,Montserrat,273920.0
52,1998,na,North America,nausa,United States,148924824.0
53,1998,sa,South America,saarg,Argentina,158022.00000000003
54,1998,sa,South America,sabra,Brazil,595.0
0,1999,af,Africa,afdza,Algeria,1087.0
1,1999,af,Africa,afmar,Morocco,1032242.0
2,1999,af,Africa,aftun,Tunisia,286224.0
3,1999,as,Asia,asarm,Armenia,10819.0
4,1999,as,Asia,asaze,Azerbaijan,212798.0
5,1999,as,Asia,aschn,China,7271224.0
6,1999,as,Asia,asgeo,Georgia,250863.0
7,1999,as,Asia,asjor,Jordan,361425.0
8,1999,as,Asia,asjpn,Japan,3049.0
9,1999,as,Asia,askor,South Korea,149664.0
10,1999,as,Asia,assau,Saudi Arabia,3450915.0
11,1999,as,Asia,assyr,Syria,10298253.0
12,1999,as,Asia,astur,Turkey,588692.0
13,1999,eu,Europe,eualb,Albania,789289.0
14,1999,eu,Europe,euaut,Austria,4526179.0
15,1999,eu,Europe,eubel,Belgium,178750836.0
16,1999,eu,Europe,eubgr,Bulgaria,2360596.0
17,1999,eu,Europe,eublr,Belarus,648094.0
18,1999,eu,Europe,euche,Switzerland,1816024.0
19,1999,eu,Europe,eucze,Czechia,258792.00000000003
20,1999,eu,Europe,eudeu,Germany,42222386.0
21,1999,eu,Europe,eudnk,Denmark,629566.0
22,1999,eu,Europe,euesp,Spain,4619068.0
23,1999,eu,Europe,euest,Estonia,968875.0
24,1999,eu,Europe,eufin,Finland,2024016.0
25,1999,eu,Europe,eufra,France,1501072.0
26,1999,eu,Europe,eugbr,United Kingdom,1519562.0000000002
27,1999,eu,Europe,eugrc,Greece,185392.0
28,1999,eu,Europe,euhrv,Croatia,1469392.9999999998
29,1999,eu,Europe,euhun,Hungary,5064445.0
30,1999,eu,Europe,euirl,Ireland,9693859.0
31,1999,eu,Europe,euisl,Iceland,21874.000000000004
32,1999,eu,Europe,euita,Italy,43358587.99999999
33,1999,eu,Europe,eultu,Lithuania,2085393.0
34,1999,eu,Europe,eulux,Luxembourg,1766.0
35,1999,eu,Europe,eumda,Moldova,25447.0
36,1999,eu,Europe,eumkd,North Macedonia,896710.0
37,1999,eu,Europe,eumlt,Malta,447318.00000000006
38,1999,eu,Europe,eunld,Netherlands,94352.0
39,1999,eu,Europe,eunor,Norway,21593901.0
40,1999,eu,Europe,eupol,Poland,22481000.0
41,1999,eu,Europe,euprt,Portugal,7874903.0
42,1999,eu,Europe,eurou,Romania,3167855.0
43,1999,eu,Europe,eurus,Russia,20554012.0
44,1999,eu,Europe,eusvk,Slovakia,5640509.0
45,1999,eu,Europe,eusvn,Slovenia,174128.0
46,1999,eu,Europe,euswe,Sweden,8928305.0
47,1999,eu,Europe,euukr,Ukraine,6730533.0
48,1999,eu,Europe,euyug,Yugoslavia,1833000.0
49,1999,na,North America,nacan,Canada,541603.0000000001
50,1999,na,North America,nagrl,Greenland,89267.99999999999
51,1999,na,North America,napan,Panama,2069.0
52,1999,na,North America,nausa,United States,220439421.0
0,2000,as,Asia,asaze,Azerbaijan,1009632.0
1,2000,as,Asia,aschn,China,12725511.999999998
2,2000,as,Asia,ascyp,Cyprus,74581.0
3,2000,as,Asia,asgeo,Georgia,31105.999999999996
4,2000,as,Asia,asjor,Jordan,434898.0
5,2000,as,Asia,asjpn,Japan,338837.0
6,2000,as,Asia,askaz,Kazakhstan,93187.00000000001
7,2000,as,Asia,aslbn,Lebanon,32368.000000000004
8,2000,as,Asia,assau,Saudi Arabia,3754537.0000000005
9,2000,as,Asia,assyr,Syria,3355655.0
10,2000,as,Asia,astur,Turkey,304639.0
11,2000,eu,Europe,eualb,Albania,898424.0
12,2000,eu,Europe,euaut,Austria,25685.0
13,2000,eu,Europe,eubel,Belgium,142849048.0
14,2000,eu,Europe,eubgr,Bulgaria,749783.0
15,2000,eu,Europe,eublr,Belarus,91773.0
16,2000,eu,Europe,euche,Switzerland,866203.0
17,2000,eu,Europe,eucze,Czechia,112979.0
18,2000,eu,Europe,eudeu,Germany,38031112.0
19,2000,eu,Europe,eudnk,Denmark,863870.0
20,2000,eu,Europe,euesp,Spain,5213998.0
21,2000,eu,Europe,euest,Estonia,297602.00000000006
22,2000,eu,Europe,eufin,Finland,1435280.0
23,2000,eu,Europe,eufra,France,1777339.0
24,2000,eu,Europe,eugbr,United Kingdom,2230.0
25,2000,eu,Europe,eugrc,Greece,1838365.0
26,2000,eu,Europe,euhrv,Croatia,2339420.0
27,2000,eu,Europe,euhun,Hungary,43979.0
28,2000,eu,Europe,euirl,Ireland,8471070.0
29,2000,eu,Europe,euisl,Iceland,4282.0
30,2000,eu,Europe,euita,Italy,41151913.0
31,2000,eu,Europe,eultu,Lithuania,296525.0
32,2000,eu,Europe,eulux,Luxembourg,34753.0
33,2000,eu,Europe,eumda,Moldova,27568.0
34,2000,eu,Europe,eumkd,North Macedonia,278397.0
35,2000,eu,Europe,eumlt,Malta,356274.0
36,2000,eu,Europe,eunld,Netherlands,271525.0
37,2000,eu,Europe,eunor,Norway,15567336.000000002
38,2000,eu,Europe,eupol,Poland,11943693.000000002
39,2000,eu,Europe,euprt,Portugal,11157508.0
40,2000,eu,Europe,eurou,Romania,2537712.0
41,2000,eu,Europe,eurus,Russia,4939852.0
42,2000,eu,Europe,eusvk,Slovakia,3821399.0000000005
43,2000,eu,Europe,eusvn,Slovenia,934341.0
44,2000,eu,Europe,euswe,Sweden,12728435.0
45,2000,eu,Europe,euukr,Ukraine,987873.0
46,2000,eu,Europe,euyug,Yugoslavia,5110445.0
47,2000,na,North America,naabw,Aruba,831.0
48,2000,na,North America,naaia,Anguilla,696.0
49,2000,na,North America,naant,Netherlands Antilles,142.0
50,2000,na,North America,nabhs,Bahamas,201.0
51,2000,na,North America,nacan,Canada,442434.0
52,2000,na,North America,nacri,Costa Rica,52.00000000000001
53,2000,na,North America,napan,Panama,1656.0
54,2000,na,North America,nausa,United States,194803378.0
55,2000,sa,South America,saarg,Argentina,293.0
56,2000,sa,South America,sapry,Paraguay,118029.0
57,2000,sa,South America,saven,Venezuela,3.0
0,2001,af,Africa,afdza,Algeria,8084205.0
1,2001,af,Africa,afmar,Morocco,14655.999999999998
2,2001,af,Africa,aftun,Tunisia,876873.9999999999
3,2001,as,Asia,aschn,China,3939919.0000000005
4,2001,as,Asia,ascyp,Cyprus,205492.00000000003
5,2001,as,Asia,asjor,Jordan,66121.00000000001
6,2001,as,Asia,asjpn,Japan,111312.00000000001
7,2001,as,Asia,aslbn,Lebanon,3816.0000000000005
8,2001,as,Asia,assau,Saudi Arabia,2523755.0
9,2001,as,Asia,assyr,Syria,1662641.0
10,2001,as,Asia,astur,Turkey,423940.0
11,2001,eu,Europe,eualb,Albania,412730.0
12,2001,eu,Europe,euaut,Austria,2253472.0
13,2001,eu,Europe,eubel,Belgium,132240488.00000001
14,2001,eu,Europe,eubgr,Bulgaria,275830.99999999994
15,2001,eu,Europe,eublr,Belarus,68597.0
16,2001,eu,Europe,euche,Switzerland,540139.0
17,2001,eu,Europe,eucze,Czechia,8251271.999999999
18,2001,eu,Europe,eudeu,Germany,125190000.0
19,2001,eu,Europe,eudnk,Denmark,235208.0
20,2001,eu,Europe,euesp,Spain,271913.0
21,2001,eu,Europe,euest,Estonia,377121.99999999994
22,2001,eu,Europe,eufin,Finland,1354872.9999999998
23,2001,eu,Europe,eufra,France,2596722.0
24,2001,eu,Europe,eugbr,United Kingdom,804065.0
25,2001,eu,Europe,eugrc,Greece,5194429.0
26,2001,eu,Europe,euhrv,Croatia,3647832.0000000005
27,2001,eu,Europe,euhun,Hungary,96304.0
28,2001,eu,Europe,euirl,Ireland,8060503.000000001
29,2001,eu,Europe,euisl,Iceland,95.0
30,2001,eu,Europe,euita,Italy,28778217.999999996
31,2001,eu,Europe,eultu,Lithuania,70073.00000000001
32,2001,eu,Europe,eulux,Luxembourg,331901.0
33,2001,eu,Europe,eumkd,North Macedonia,26327.0
34,2001,eu,Europe,eumlt,Malta,402025.0
35,2001,eu,Europe,eunld,Netherlands,598934.0
36,2001,eu,Europe,eunor,Norway,266259.0
37,2001,eu,Europe,eupol,Poland,290314.0
38,2001,eu,Europe,euprt,Portugal,11551277.0
39,2001,eu,Europe,eurou,Romania,9373.0
40,2001,eu,Europe,eurus,Russia,4209599.0
41,2001,eu,Europe,eusvk,Slovakia,3072353.0
42,2001,eu,Europe,eusvn,Slovenia,2481974.0
43,2001,eu,Europe,euswe,Sweden,38869.0
44,2001,eu,Europe,euukr,Ukraine,223022.00000000003
45,2001,eu,Europe,euyug,Yugoslavia,2716235.0
46,2001,na,North America,naabw,Aruba,236.00000000000003
47,2001,na,North America,naaia,Anguilla,6961.0
48,2001,na,North America,naant,Netherlands Antilles,503216.0
49,2001,na,North America,nabhs,Bahamas,201.0
50,2001,na,North America,nacan,Canada,533124.0
51,2001,na,North America,nagtm,Guatemala,115.99999999999999
52,2001,na,North America,napan,Panama,5478.0
53,2001,na,North America,nausa,United States,167478693.0
54,2001,sa,South America,sabol,Bolivia,511577.0
55,2001,sa,South America,saven,Venezuela,312.0
0,2002,af,Africa,afdza,Algeria,286560.0
1,2002,af,Africa,afmar,Morocco,192243.0
2,2002,af,Africa,aftun,Tunisia,883964.0
3,2002,as,Asia,asarm,Armenia,70676.0
4,2002,as,Asia,aschn,China,2345785.0
5,2002,as,Asia,ascyp,Cyprus,353171.0
6,2002,as,Asia,asgeo,Georgia,216968.0
7,2002,as,Asia,asirn,Iran,760940.0
8,2002,as,Asia,asjor,Jordan,133248.0
9,2002,as,Asia,asjpn,Japan,861726.0000000001
10,2002,as,Asia,askaz,Kazakhstan,21053.0
11,2002,as,Asia,aslbn,Lebanon,61.0
12,2002,as,Asia,asqat,Qatar,22301.0
13,2002,as,Asia,assau,Saudi Arabia,2671165.0
14,2002,as,Asia,assyr,Syria,874117.0
15,2002,as,Asia,astur,Turkey,217136.0
16,2002,eu,Europe,eualb,Albania,206148.0
17,2002,eu,Europe,euaut,Austria,6701704.000000001
18,2002,eu,Europe,eubel,Belgium,155521084.0
19,2002,eu,Europe,eubgr,Bulgaria,69875.0
20,2002,eu,Europe,eublr,Belarus,58099.0
21,2002,eu,Europe,euche,Switzerland,375984.00000000006
22,2002,eu,Europe,eucze,Czechia,11264253.0
23,2002,eu,Europe,eudeu,Germany,43204400.0
24,2002,eu,Europe,eudnk,Denmark,1906763.0
25,2002,eu,Europe,euesp,Spain,4577.0
26,2002,eu,Europe,euest,Estonia,443695.99999999994
27,2002,eu,Europe,eufin,Finland,5024164.000000001
28,2002,eu,Europe,eufra,France,2598813.0
29,2002,eu,Europe,eugbr,United Kingdom,1262914.0
30,2002,eu,Europe,eugrc,Greece,294263.0
31,2002,eu,Europe,euhrv,Croatia,4917540.0
32,2002,eu,Europe,euhun,Hungary,68521.99999999999
33,2002,eu,Europe,euirl,Ireland,8064366.0
34,2002,eu,Europe,euisl,Iceland,934.0
35,2002,eu,Europe,euita,Italy,22849717.0
36,2002,eu,Europe,eultu,Lithuania,78700.0
37,2002,eu,Europe,eulux,Luxembourg,15434.000000000002
38,2002,eu,Europe,eumda,Moldova,26714.000000000004
39,2002,eu,Europe,eumkd,North Macedonia,56530.0
40,2002,eu,Europe,eumlt,Malta,360390.0
41,2002,eu,Europe,eunld,Netherlands,351073.00000000006
42,2002,eu,Europe,eunor,Norway,18937767.0
43,2002,eu,Europe,eupol,Poland,877736.0000000001
44,2002,eu,Europe,euprt,Portugal,18431460.0
45,2002,eu,Europe,eurou,Romania,2131700.0
46,2002,eu,Europe,eurus,Russia,4739691.0
47,2002,eu,Europe,eusvk,Slovakia,6603326.999999999
48,2002,eu,Europe,eusvn,Slovenia,3881935.9999999995
49,2002,eu,Europe,euswe,Sweden,290297.0
50,2002,eu,Europe,euukr,Ukraine,206935.99999999997
51,2002,eu,Europe,euyug,Yugoslavia,6315191.0
52,2002,na,North America,naabw,Aruba,1980.0
53,2002,na,North America,naaia,Anguilla,2419.0
54,2002,na,North America,nacan,Canada,1016179.0
55,2002,na,North America,nadom,Dominican Republic,952672.0
56,2002,na,North America,nagtm,Guatemala,13788.0
57,2002,na,North America,nahnd,Honduras,245408.0
58,2002,na,North America,napan,Panama,1754.0
59,2002,na,North America,nausa,United States,175090195.0
60,2002,oc,Oceania,ocncl,New Caledonia,84.0
61,2002,oc,Oceania,ocpcn,Pitcairn Islands,14580.0
62,2002,sa,South America,saven,Venezuela,580.0
0,2003,af,Africa,afdza,Algeria,878546.0
1,2003,af,Africa,aflbr,Liberia,65733.0
2,2003,af,Africa,afmar,Morocco,66654.0
3,2003,as,Asia,ascyp,Cyprus,216430.99999999997
4,2003,as,Asia,asgeo,Georgia,35917.0
5,2003,as,Asia,asirn,Iran,2438090.0
6,2003,as,Asia,asjor,Jordan,67926.0
7,2003,as,Asia,asjpn,Japan,1223883.0
8,2003,as,Asia,askaz,Kazakhstan,16650.0
9,2003,as,Asia,aslbn,Lebanon,6582.000000000001
10,2003,as,Asia,aspak,Pakistan,432051.99999999994
11,2003,as,Asia,assau,Saudi Arabia,1880420.0
12,2003,as,Asia,assyr,Syria,6846149.0
13,2003,as,Asia,astur,Turkey,187425.0
14,2003,eu,Europe,euand,Andorra,52.00000000000001
15,2003,eu,Europe,euaut,Austria,1568590.0
16,2003,eu,Europe,eubel,Belgium,138236166.0
17,2003,eu,Europe,eubgr,Bulgaria,20485.0
18,2003,eu,Europe,eubih,Bosnia and Herzegovina,504936.99999999994
19,2003,eu,Europe,eublr,Belarus,239942.0
20,2003,eu,Europe,euche,Switzerland,719393.0
21,2003,eu,Europe,eucze,Czechia,11922375.0
22,2003,eu,Europe,eudeu,Germany,162984000.0
23,2003,eu,Europe,eudnk,Denmark,273461.0
24,2003,eu,Europe,euesp,Spain,1339.0
25,2003,eu,Europe,euest,Estonia,33464.0
26,2003,eu,Europe,eufin,Finland,1425187.9999999998
27,2003,eu,Europe,eufra,France,1969040.0
28,2003,eu,Europe,eugbr,United Kingdom,777300.0
29,2003,eu,Europe,eugrc,Greece,529327.0
30,2003,eu,Europe,euhrv,Croatia,5747891.0
31,2003,eu,Europe,euhun,Hungary,10485402.0
32,2003,eu,Europe,euirl,Ireland,10654419.0
33,2003,eu,Europe,euisl,Iceland,38407.0
34,2003,eu,Europe,euita,Italy,27846886.000000004
35,2003,eu,Europe,eultu,Lithuania,349334.0
36,2003,eu,Europe,eumda,Moldova,27311.999999999996
37,2003,eu,Europe,eumkd,North Macedonia,186257.0
38,2003,eu,Europe,eumlt,Malta,519353.00000000006
39,2003,eu,Europe,eunld,Netherlands,291857.0
40,2003,eu,Europe,eunor,Norway,261072.99999999997
41,2003,eu,Europe,eupol,Poland,1126333.9999999998
42,2003,eu,Europe,euprt,Portugal,18713189.0
43,2003,eu,Europe,eurou,Romania,725077.0
44,2003,eu,Europe,eurus,Russia,3198013.0
45,2003,eu,Europe,eusvk,Slovakia,6398603.0
46,2003,eu,Europe,eusvn,Slovenia,5405215.0
47,2003,eu,Europe,euswe,Sweden,161561.0
48,2003,eu,Europe,euukr,Ukraine,729921.0
49,2003,eu,Europe,euyug,Yugoslavia,2317683.0
50,2003,na,North America,naant,Netherlands Antilles,5722.0
51,2003,na,North America,nacan,Canada,598021.0
52,2003,na,North America,nagrl,Greenland,251141.0
53,2003,na,North America,napan,Panama,302.0
54,2003,na,North America,naslv,El Salvador,146.0
55,2003,na,North America,nausa,United States,161760066.99999997
56,2003,na,North America,navgb,British Virgin Islands,322971.0
57,2003,oc,Oceania,ocaus,Australia,19214.000000000004
58,2003,oc,Oceania,ocncl,New Caledonia,118.00000000000001
59,2003,sa,South America,sabol,Bolivia,31369.0
0,2004,af,Africa,afdza,Algeria,906953.0
1,2004,af,Africa,afswz,Eswatini,160.0
2,2004,af,Africa,aftun,Tunisia,663396.9999999999
3,2004,as,Asia,asafg,Afghanistan,6258.999999999999
4,2004,as,Asia,asaze,Azerbaijan,89610.0
5,2004,as,Asia,ascyp,Cyprus,52409.0
6,2004,as,Asia,asirn,Iran,2951986.0
7,2004,as,Asia,asjpn,Japan,1098049.0
8,2004,as,Asia,askaz,Kazakhstan,36817.0
9,2004,as,Asia,askgz,Kyrgyzstan,29299.0
10,2004,as,Asia,assyr,Syria,2654347.0
11,2004,as,Asia,astur,Turkey,44934.0
12,2004,eu,Europe,eualb,Albania,385595.0
13,2004,eu,Europe,euaut,Austria,1906671.0
14,2004,eu,Europe,eubel,Belgium,411953760.0
15,2004,eu,Europe,eubgr,Bulgaria,60391.99999999999
16,2004,eu,Europe,eubih,Bosnia and Herzegovina,1325119.0
17,2004,eu,Europe,eublr,Belarus,191785.99999999997
18,2004,eu,Europe,euche,Switzerland,485538.0
19,2004,eu,Europe,eucze,Czechia,307401.0
20,2004,eu,Europe,eudeu,Germany,42756310.99999999
21,2004,eu,Europe,eudnk,Denmark,58061.00000000001
22,2004,eu,Europe,euesp,Spain,91372.00000000001
23,2004,eu,Europe,euest,Estonia,197899.0
24,2004,eu,Europe,eufin,Finland,3272770.9999999995
25,2004,eu,Europe,eufra,France,3347170.0
26,2004,eu,Europe,eugbr,United Kingdom,1350817.0
27,2004,eu,Europe,eugrc,Greece,14199.000000000002
28,2004,eu,Europe,euhrv,Croatia,7371621.999999999
29,2004,eu,Europe,euhun,Hungary,1921710.0
30,2004,eu,Europe,euirl,Ireland,11956957.0
31,2004,eu,Europe,euisl,Iceland,7817.0
32,2004,eu,Europe,euita,Italy,27771484.0
33,2004,eu,Europe,eultu,Lithuania,128677.00000000001
34,2004,eu,Europe,eumda,Moldova,59193.00000000001
35,2004,eu,Europe,eumkd,North Macedonia,665258.9999999999
36,2004,eu,Europe,eumlt,Malta,186619.00000000003
37,2004,eu,Europe,eunld,Netherlands,345573.00000000006
38,2004,eu,Europe,eunor,Norway,244259.0
39,2004,eu,Europe,eupol,Poland,17871596.999999996
40,2004,eu,Europe,euprt,Portugal,25721326.0
41,2004,eu,Europe,eurou,Romania,1385565.0
42,2004,eu,Europe,eurus,Russia,11910268.0
43,2004,eu,Europe,eusvk,Slovakia,8809726.999999998
44,2004,eu,Europe,eusvn,Slovenia,6382066.0
45,2004,eu,Europe,euswe,Sweden,121247.00000000001
46,2004,eu,Europe,euukr,Ukraine,862638.9999999999
47,2004,eu,Europe,euyug,Yugoslavia,3353517.0000000005
48,2004,na,North America,naant,Netherlands Antilles,1076354.0
49,2004,na,North America,nacan,Canada,601391.9999999999
50,2004,na,North America,nadom,Dominican Republic,1200.0
51,2004,na,North America,napan,Panama,377986.99999999994
52,2004,na,North America,nausa,United States,149800375.0
53,2004,oc,Oceania,ocaus,Australia,18110.0
54,2004,oc,Oceania,ocncl,New Caledonia,55.99999999999999
55,2004,sa,South America,saarg,Argentina,8.0
56,2004,sa,South America,saecu,Ecuador,156432.00000000003
0,2005,af,Africa,afdza,Algeria,1725111.0
1,2005,af,Africa,afmar,Morocco,91042.99999999999
2,2005,af,Africa,aftun,Tunisia,256674.00000000003
3,2005,as,Asia,asaze,Azerbaijan,38251.99999999999
4,2005,as,Asia,asgeo,Georgia,67260.0
5,2005,as,Asia,asiot,British Indian Ocean Territory,46037.0
6,2005,as,Asia,asirn,Iran,3949117.0
7,2005,as,Asia,asjor,Jordan,24534.000000000004
8,2005,as,Asia,asjpn,Japan,805550.0
9,2005,as,Asia,askaz,Kazakhstan,50917.0
10,2005,as,Asia,askor,South Korea,227244.00000000003
11,2005,as,Asia,assau,Saudi Arabia,548553.0
12,2005,as,Asia,assyr,Syria,980186.0
13,2005,as,Asia,astur,Turkey,27415.0
14,2005,eu,Europe,eualb,Albania,1664411.0
15,2005,eu,Europe,euaut,Austria,6660451.0
16,2005,eu,Europe,eubel,Belgium,436792387.00000006
17,2005,eu,Europe,eubgr,Bulgaria,221250.0
18,2005,eu,Europe,eubih,Bosnia and Herzegovina,2874189.0000000005
19,2005,eu,Europe,eublr,Belarus,1107083.9999999998
20,2005,eu,Europe,euche,Switzerland,851963.0000000001
21,2005,eu,Europe,eucze,Czechia,26538713.0
22,2005,eu,Europe,eudeu,Germany,50927804.0
23,2005,eu,Europe,eudnk,Denmark,318509.0
24,2005,eu,Europe,euesp,Spain,203275.0
25,2005,eu,Europe,euest,Estonia,132614.0
26,2005,eu,Europe,eufin,Finland,2830789.0
27,2005,eu,Europe,eufra,France,4140760.9999999995
28,2005,eu,Europe,eugbr,United Kingdom,1480122.0
29,2005,eu,Europe,eugib,Gibraltar,589336.0
30,2005,eu,Europe,eugrc,Greece,51218.99999999999
31,2005,eu,Europe,euhrv,Croatia,9027122.0
32,2005,eu,Europe,euhun,Hungary,5983024.0
33,2005,eu,Europe,euirl,Ireland,1594318.0
34,2005,eu,Europe,euisl,Iceland,61280.0
35,2005,eu,Europe,euita,Italy,27523713.0
36,2005,eu,Europe,eultu,Lithuania,413441.99999999994
37,2005,eu,Europe,eumda,Moldova,35098.0
38,2005,eu,Europe,eumkd,North Macedonia,621329.0000000001
39,2005,eu,Europe,eumlt,Malta,1304310.0
40,2005,eu,Europe,eunld,Netherlands,192310.99999999997
41,2005,eu,Europe,eunor,Norway,12067661.0
42,2005,eu,Europe,eupol,Poland,727044.0
43,2005,eu,Europe,euprt,Portugal,27923373.0
44,2005,eu,Europe,eurou,Romania,269142.0
45,2005,eu,Europe,eurus,Russia,8273055.0
46,2005,eu,Europe,eusvk,Slovakia,4300563.0
47,2005,eu,Europe,eusvn,Slovenia,10635600.0
48,2005,eu,Europe,euswe,Sweden,99310.0
49,2005,eu,Europe,euukr,Ukraine,3630520.9999999995
50,2005,eu,Europe,euyug,Yugoslavia,8423488.000000002
51,2005,na,North America,naabw,Aruba,489.0
52,2005,na,North America,naant,Netherlands Antilles,144899.0
53,2005,na,North America,nablz,Belize,5155.0
54,2005,na,North America,nacan,Canada,878587.0
55,2005,na,North America,nahti,Haiti,4533.0
56,2005,na,North America,napan,Panama,331.0
57,2005,na,North America,nausa,United States,187540350.0
58,2005,oc,Oceania,ocaus,Australia,1545.0
59,2005,sa,South America,sabra,Brazil,287.0
0,2006,af,Africa,afdza,Algeria,1501822.0
1,2006,af,Africa,afmar,Morocco,153225.0
2,2006,af,Africa,afswz,Eswatini,5197.0
3,2006,af,Africa,aftun,Tunisia,46843.0
4,2006,as,Asia,asirn,Iran,3029205.9999999995
5,2006,as,Asia,asjor,Jordan,41402.0
6,2006,as,Asia,asjpn,Japan,877171.0
7,2006,as,Asia,askaz,Kazakhstan,87967.00000000001
8,2006,as,Asia,askgz,Kyrgyzstan,19725.0
9,2006,as,Asia,askor,South Korea,20720.0
10,2006,as,Asia,aslbn,Lebanon,6064.0
11,2006,as,Asia,asqat,Qatar,105148.0
12,2006,as,Asia,assyr,Syria,653158.0
13,2006,as,Asia,astur,Turkey,253136.0
14,2006,eu,Europe,eualb,Albania,80016.0
15,2006,eu,Europe,euaut,Austria,12814118.999999998
16,2006,eu,Europe,eubel,Belgium,446043348.0
17,2006,eu,Europe,eubgr,Bulgaria,340899.0
18,2006,eu,Europe,eubih,Bosnia and Herzegovina,3087592.0
19,2006,eu,Europe,eublr,Belarus,1713215.0
20,2006,eu,Europe,euche,Switzerland,374103.0
21,2006,eu,Europe,eucze,Czechia,10552098.999999998
22,2006,eu,Europe,eudeu,Germany,66075316.99999999
23,2006,eu,Europe,eudnk,Denmark,3451952.0
24,2006,eu,Europe,euesp,Spain,83709.0
25,2006,eu,Europe,euest,Estonia,814107.0
26,2006,eu,Europe,eufin,Finland,5955824.000000001
27,2006,eu,Europe,eufra,France,2728151.0
28,2006,eu,Europe,eugbr,United Kingdom,1976348.0
29,2006,eu,Europe,euhrv,Croatia,10189868.0
30,2006,eu,Europe,euhun,Hungary,1151390.0
31,2006,eu,Europe,euirl,Ireland,1820176.0000000002
32,2006,eu,Europe,euisl,Iceland,2962354.0000000005
33,2006,eu,Europe,euita,Italy,20922537.0
34,2006,eu,Europe,eultu,Lithuania,9236.0
35,2006,eu,Europe,eulva,Latvia,59260.0
36,2006,eu,Europe,eumda,Moldova,45753.0
37,2006,eu,Europe,eumlt,Malta,935326.0
38,2006,eu,Europe,eumne,Montenegro,106.0
39,2006,eu,Europe,eunld,Netherlands,9548952.0
40,2006,eu,Europe,eunor,Norway,6291540.0
41,2006,eu,Europe,eupol,Poland,295075.0
42,2006,eu,Europe,euprt,Portugal,25154680.0
43,2006,eu,Europe,eurou,Romania,364523.0
44,2006,eu,Europe,eurus,Russia,10200326.0
45,2006,eu,Europe,eusrb,Serbia,6817835.0
46,2006,eu,Europe,eusvk,Slovakia,5134894.0
47,2006,eu,Europe,eusvn,Slovenia,9622466.0
48,2006,eu,Europe,euswe,Sweden,884704.0
49,2006,eu,Europe,euukr,Ukraine,961258.9999999999
50,2006,na,North America,naabw,Aruba,675.0
51,2006,na,North America,naant,Netherlands Antilles,284268.0
52,2006,na,North America,nabmu,Bermuda,3082881.0
53,2006,na,North America,nacan,Canada,1023051.0
54,2006,na,North America,nagrl,Greenland,252745.99999999997
55,2006,na,North America,najam,Jamaica,15300.999999999998
56,2006,na,North America,nausa,United States,182197322.0
57,2006,oc,Oceania,ocaus,Australia,15914.000000000002
58,2006,oc,Oceania,ocncl,New Caledonia,52.00000000000001
59,2006,oc,Oceania,ocpyf,French Polynesia,141.0
0,2007,af,Africa,afdza,Algeria,2104350.0
1,2007,af,Africa,afmar,Morocco,739133.0
2,2007,af,Africa,aftun,Tunisia,1131421.0
3,2007,as,Asia,asarm,Armenia,887414.0
4,2007,as,Asia,asaze,Azerbaijan,62068.99999999999
5,2007,as,Asia,asgeo,Georgia,233059.00000000003
6,2007,as,Asia,asjpn,Japan,1619023.0
7,2007,as,Asia,askaz,Kazakhstan,49922.0
8,2007,as,Asia,askor,South Korea,64256.0
9,2007,as,Asia,assyr,Syria,2155923.0
10,2007,as,Asia,astur,Turkey,1939972.0000000002
11,2007,eu,Europe,eualb,Albania,67069.0
12,2007,eu,Europe,euaut,Austria,12536540.0
13,2007,eu,Europe,eubel,Belgium,355709328.99999994
14,2007,eu,Europe,eubgr,Bulgaria,2340525.0
15,2007,eu,Europe,eubih,Bosnia and Herzegovina,3846051.0
16,2007,eu,Europe,eublr,Belarus,1956249.0
17,2007,eu,Europe,euche,Switzerland,336998.00000000006
18,2007,eu,Europe,eucze,Czechia,12146460.0
19,2007,eu,Europe,eudeu,Germany,331037000.0
20,2007,eu,Europe,eudnk,Denmark,504191.0
21,2007,eu,Europe,euesp,Spain,18281214.0
22,2007,eu,Europe,euest,Estonia,1535566.0
23,2007,eu,Europe,eufin,Finland,7242513.000000001
24,2007,eu,Europe,eufra,France,2693944.0000000005
25,2007,eu,Europe,eugbr,United Kingdom,17694835.0
26,2007,eu,Europe,eugrc,Greece,1188912.0
27,2007,eu,Europe,euhrv,Croatia,9661019.0
28,2007,eu,Europe,euhun,Hungary,224137.0
29,2007,eu,Europe,euirl,Ireland,1990418.9999999998
30,2007,eu,Europe,euisl,Iceland,1289770.0
31,2007,eu,Europe,euita,Italy,34541369.0
32,2007,eu,Europe,eultu,Lithuania,14466.0
33,2007,eu,Europe,eulva,Latvia,36602.0
34,2007,eu,Europe,eumda,Moldova,8593.0
35,2007,eu,Europe,eumkd,North Macedonia,551672.0
36,2007,eu,Europe,eumlt,Malta,703031.9999999999
37,2007,eu,Europe,eunld,Netherlands,14758841.999999998
38,2007,eu,Europe,eunor,Norway,13816066.0
39,2007,eu,Europe,eupol,Poland,50115342.00000001
40,2007,eu,Europe,euprt,Portugal,30683990.0
41,2007,eu,Europe,eurou,Romania,1967686.0000000002
42,2007,eu,Europe,eurus,Russia,14287171.0
43,2007,eu,Europe,eusrb,Serbia,10565293.0
44,2007,eu,Europe,eusvk,Slovakia,8985336.0
45,2007,eu,Europe,eusvn,Slovenia,2642090.0
46,2007,eu,Europe,euukr,Ukraine,199487.0
47,2007,na,North America,naabw,Aruba,18607.0
48,2007,na,North America,naant,Netherlands Antilles,528093.0000000001
49,2007,na,North America,nacan,Canada,831980.0
50,2007,na,North America,napan,Panama,8398.0
51,2007,na,North America,nausa,United States,151844494.0
52,2007,oc,Oceania,ocaus,Australia,25534.000000000004
53,2007,oc,Oceania,ocnzl,New Zealand,6132.000000000001
54,2007,sa,South America,sabra,Brazil,132.0
55,2007,sa,South America,saven,Venezuela,99091.00000000001
0,2008,af,Africa,afegy,Egypt,7067.0
1,2008,af,Africa,aflby,Libya,2267188.0
2,2008,af,Africa,afmar,Morocco,880150.0
3,2008,af,Africa,aftun,Tunisia,272496.0
4,2008,as,Asia,asare,United Arab Emirates,23651.0
5,2008,as,Asia,asarm,Armenia,670713.0000000001
6,2008,as,Asia,asaze,Azerbaijan,1723.0
7,2008,as,Asia,ascyp,Cyprus,55991.00000000001
8,2008,as,Asia,asgeo,Georgia,60450.0
9,2008,as,Asia,asisr,Israel,19584.0
10,2008,as,Asia,asjor,Jordan,37693.00000000001
11,2008,as,Asia,asjpn,Japan,1308042.0
12,2008,as,Asia,askaz,Kazakhstan,4618.0
13,2008,as,Asia,askor,South Korea,38491.0
14,2008,as,Asia,asphl,Philippines,87586.0
15,2008,as,Asia,assau,Saudi Arabia,120.0
16,2008,as,Asia,assyr,Syria,3064782.0
17,2008,as,Asia,astha,Thailand,18.000000000000004
18,2008,as,Asia,astur,Turkey,4381420.0
19,2008,eu,Europe,eualb,Albania,808029.0
20,2008,eu,Europe,euaut,Austria,10031608.0
21,2008,eu,Europe,eubel,Belgium,225308599.0
22,2008,eu,Europe,eubgr,Bulgaria,2421718.0
23,2008,eu,Europe,eubih,Bosnia and Herzegovina,3821817.9999999995
24,2008,eu,Europe,eublr,Belarus,1332086.0
25,2008,eu,Europe,euche,Switzerland,340909.0
26,2008,eu,Europe,eucze,Czechia,20666010.0
27,2008,eu,Europe,eudeu,Germany,104729854.0
28,2008,eu,Europe,eudnk,Denmark,5429217.0
29,2008,eu,Europe,euesp,Spain,6335321.0
30,2008,eu,Europe,euest,Estonia,660368.9999999999
31,2008,eu,Europe,eufin,Finland,9567501.0
32,2008,eu,Europe,eufra,France,2719692.9999999995
33,2008,eu,Europe,eugbr,United Kingdom,55756587.99999999
34,2008,eu,Europe,eugrc,Greece,3181841.0
35,2008,eu,Europe,euhrv,Croatia,9018490.0
36,2008,eu,Europe,euirl,Ireland,197003.0
37,2008,eu,Europe,euisl,Iceland,491434.0
38,2008,eu,Europe,euita,Italy,43871218.0
39,2008,eu,Europe,eulux,Luxembourg,2510998.0
40,2008,eu,Europe,eumda,Moldova,101011.00000000001
41,2008,eu,Europe,eumkd,North Macedonia,743347.0
42,2008,eu,Europe,eumlt,Malta,88442.0
43,2008,eu,Europe,eunld,Netherlands,3564364.0
44,2008,eu,Europe,eunor,Norway,18283268.0
45,2008,eu,Europe,eupol,Poland,429286.0
46,2008,eu,Europe,euprt,Portugal,27396321.0
47,2008,eu,Europe,eurou,Romania,780086.0
48,2008,eu,Europe,eurus,Russia,381.0
49,2008,eu,Europe,eusrb,Serbia,8400275.0
50,2008,eu,Europe,eusvk,Slovakia,12949242.0
51,2008,eu,Europe,eusvn,Slovenia,2640222.0
52,2008,eu,Europe,euswe,Sweden,226.99999999999997
53,2008,eu,Europe,euukr,Ukraine,1244369.0
54,2008,na,North America,naabw,Aruba,152125.0
55,2008,na,North America,naant,Netherlands Antilles,560415.9999999999
56,2008,na,North America,nacan,Canada,936466.0
57,2008,na,North America,nacub,Cuba,155946.0
58,2008,na,North America,nagrl,Greenland,321339.0
59,2008,na,North America,nausa,United States,178866268.0
60,2008,na,North America,navgb,British Virgin Islands,288515.99999999994
61,2008,oc,Oceania,ocaus,Australia,22935.0
62,2008,oc,Oceania,ocnzl,New Zealand,5250.0
63,2008,sa,South America,sabra,Brazil,100.0
0,2009,af,Africa,aflby,Libya,2814082.0000000005
1,2009,af,Africa,afmar,Morocco,354594.0
2,2009,as,Asia,asarm,Armenia,491469.0
3,2009,as,Asia,asaze,Azerbaijan,2570496.0
4,2009,as,Asia,ascyp,Cyprus,21183.000000000004
5,2009,as,Asia,asgeo,Georgia,486500.0
6,2009,as,Asia,ashkg,Hong Kong,20.0
7,2009,as,Asia,asirn,Iran,382445.0
8,2009,as,Asia,asisr,Israel,1.0
9,2009,as,Asia,asjor,Jordan,31780.0
10,2009,as,Asia,asjpn,Japan,2652123.0
11,2009,as,Asia,askaz,Kazakhstan,7026.0
12,2009,as,Asia,askor,South Korea,205366.0
13,2009,as,Asia,askwt,Kuwait,408.0
14,2009,as,Asia,aslbn,Lebanon,760.9999999999999
15,2009,as,Asia,assyr,Syria,653838.0000000001
16,2009,as,Asia,astur,Turkey,6780010.0
17,2009,eu,Europe,eualb,Albania,44786.0
18,2009,eu,Europe,euaut,Austria,89976.0
19,2009,eu,Europe,eubel,Belgium,210079367.0
20,2009,eu,Europe,eubgr,Bulgaria,1125799.0
21,2009,eu,Europe,eubih,Bosnia and Herzegovina,2258053.0
22,2009,eu,Europe,eublr,Belarus,904843.9999999999
23,2009,eu,Europe,euche,Switzerland,1278647.0
24,2009,eu,Europe,eucze,Czechia,13155258.0
25,2009,eu,Europe,eudeu,Germany,114994879.0
26,2009,eu,Europe,eudnk,Denmark,4208214.0
27,2009,eu,Europe,euesp,Spain,9006614.0
28,2009,eu,Europe,euest,Estonia,807416.0
29,2009,eu,Europe,eufin,Finland,4873656.0
30,2009,eu,Europe,eufra,France,2679970.0
31,2009,eu,Europe,eugbr,United Kingdom,113884679.0
32,2009,eu,Europe,eugrc,Greece,2750884.0
33,2009,eu,Europe,euhrv,Croatia,5146570.0
34,2009,eu,Europe,euirl,Ireland,2952267.0000000005
35,2009,eu,Europe,euisl,Iceland,311.0
36,2009,eu,Europe,euita,Italy,75339845.0
37,2009,eu,Europe,eulux,Luxembourg,581982.0
38,2009,eu,Europe,eumda,Moldova,468253.00000000006
39,2009,eu,Europe,eumkd,North Macedonia,719676.0
40,2009,eu,Europe,eumlt,Malta,84553.0
41,2009,eu,Europe,eumne,Montenegro,13304.0
42,2009,eu,Europe,eunld,Netherlands,2689955.0
43,2009,eu,Europe,eunor,Norway,233647.00000000003
44,2009,eu,Europe,eupol,Poland,38092458.0
45,2009,eu,Europe,euprt,Portugal,32278203.999999996
46,2009,eu,Europe,eurou,Romania,1646527.0
47,2009,eu,Europe,eurus,Russia,2078938.0
48,2009,eu,Europe,eusrb,Serbia,1812302.0000000002
49,2009,eu,Europe,eusvk,Slovakia,9760261.0
50,2009,eu,Europe,eusvn,Slovenia,2456522.9999999995
51,2009,eu,Europe,euswe,Sweden,8064.999999999999
52,2009,eu,Europe,euukr,Ukraine,2632659.0
53,2009,na,North America,naabw,Aruba,188879.00000000003
54,2009,na,North America,naant,Netherlands Antilles,348953.00000000006
55,2009,na,North America,nabrb,Barbados,231.0
56,2009,na,North America,nacan,Canada,1085950.0
57,2009,na,North America,nacri,Costa Rica,153571.0
58,2009,na,North America,nacub,Cuba,369166.0
59,2009,na,North America,nadom,Dominican Republic,49.0
60,2009,na,North America,nagrl,Greenland,277147.99999999994
61,2009,na,North America,nausa,United States,262572102.0
62,2009,oc,Oceania,ocaus,Australia,37802.0
0,2010,af,Africa,afdza,Algeria,3603812.0
1,2010,af,Africa,aflby,Libya,4740005.0
2,2010,af,Africa,afmar,Morocco,468434.0
3,2010,af,Africa,aftun,Tunisia,286020.99999999994
4,2010,as,Asia,asarm,Armenia,613632.0
5,2010,as,Asia,asaze,Azerbaijan,1673099.0
6,2010,as,Asia,asgeo,Georgia,362810.0
7,2010,as,Asia,ashkg,Hong Kong,385.0
8,2010,as,Asia,asjpn,Japan,1769668.9999999998
9,2010,as,Asia,askaz,Kazakhstan,275922.0
10,2010,as,Asia,askor,South Korea,132425.0
11,2010,as,Asia,askwt,Kuwait,807.9999999999999
12,2010,as,Asia,aslbn,Lebanon,1258.0
13,2010,as,Asia,assau,Saudi Arabia,55.99999999999999
14,2010,as,Asia,assgp,Singapore,25.0
15,2010,as,Asia,assyr,Syria,690660.0
16,2010,as,Asia,astur,Turkey,3823227.0000000005
17,2010,eu,Europe,eualb,Albania,182939.00000000003
18,2010,eu,Europe,euaut,Austria,12401868.0
19,2010,eu,Europe,eubel,Belgium,172542365.0
20,2010,eu,Europe,eubih,Bosnia and Herzegovina,1909379.0
21,2010,eu,Europe,eublr,Belarus,2755200.9999999995
22,2010,eu,Europe,euche,Switzerland,1266803.0
23,2010,eu,Europe,eucze,Czechia,20132512.0
24,2010,eu,Europe,eudeu,Germany,87630425.99999999
25,2010,eu,Europe,eudnk,Denmark,2946735.0
26,2010,eu,Europe,euesp,Spain,5278638.000000001
27,2010,eu,Europe,euest,Estonia,910334.0
28,2010,eu,Europe,eufin,Finland,2458738.0
29,2010,eu,Europe,eufra,France,2882782.0
30,2010,eu,Europe,eugbr,United Kingdom,113503009.0
31,2010,eu,Europe,eugrc,Greece,5291121.0
32,2010,eu,Europe,euhrv,Croatia,3761859.0000000005
33,2010,eu,Europe,euirl,Ireland,3127835.0
34,2010,eu,Europe,euisl,Iceland,1587746.0
35,2010,eu,Europe,euita,Italy,79078154.00000001
36,2010,eu,Europe,eultu,Lithuania,47301.0
37,2010,eu,Europe,eulux,Luxembourg,304912.00000000006
38,2010,eu,Europe,eumda,Moldova,249825.0
39,2010,eu,Europe,eumkd,North Macedonia,427881.0
40,2010,eu,Europe,eumlt,Malta,61566.0
41,2010,eu,Europe,eumne,Montenegro,44603.0
42,2010,eu,Europe,eunld,Netherlands,4708292.0
43,2010,eu,Europe,eunor,Norway,219519.0
44,2010,eu,Europe,eupol,Poland,32190417.999999996
45,2010,eu,Europe,euprt,Portugal,48272208.0
46,2010,eu,Europe,eurou,Romania,731575.0
47,2010,eu,Europe,eurus,Russia,183774.0
48,2010,eu,Europe,eusrb,Serbia,3872634.0
49,2010,eu,Europe,eusvk,Slovakia,4330604.0
50,2010,eu,Europe,eusvn,Slovenia,4781357.0
51,2010,eu,Europe,euswe,Sweden,32950.0
52,2010,eu,Europe,euukr,Ukraine,1606766.0
53,2010,na,North America,naabw,Aruba,308390.0
54,2010,na,North America,naant,Netherlands Antilles,702248.9999999999
55,2010,na,North America,nacan,Canada,975049.0
56,2010,na,North America,nagrl,Greenland,7105.0
57,2010,na,North America,nausa,United States,233463187.0
58,2010,oc,Oceania,ocaus,Australia,21954.0
59,2010,sa,South America,sachl,Chile,19.0
0,2011,af,Africa,afdza,Algeria,17559992.0
1,2011,af,Africa,afegy,Egypt,13716.0
2,2011,af,Africa,afmar,Morocco,471455.99999999994
3,2011,af,Africa,aftun,Tunisia,72900.0
4,2011,as,Asia,ashkg,Hong Kong,48.0
5,2011,as,Asia,asjpn,Japan,1444878.0
6,2011,as,Asia,askaz,Kazakhstan,207514.0
7,2011,as,Asia,askgz,Kyrgyzstan,33243.0
8,2011,as,Asia,askor,South Korea,231166.0
9,2011,as,Asia,aslbn,Lebanon,447.0
10,2011,as,Asia,asmmr,Myanmar,3453.9999999999995
11,2011,as,Asia,astur,Turkey,1636352.0
12,2011,eu,Europe,eualb,Albania,43504.0
13,2011,eu,Europe,euaut,Austria,14623413.999999998
14,2011,eu,Europe,eubel,Belgium,218866963.00000003
15,2011,eu,Europe,eubih,Bosnia and Herzegovina,2917939.0000000005
16,2011,eu,Europe,eublr,Belarus,2400727.0000000005
17,2011,eu,Europe,euche,Switzerland,1613097.0000000002
18,2011,eu,Europe,eucze,Czechia,23294370.0
19,2011,eu,Europe,eudeu,Germany,152982881.99999997
20,2011,eu,Europe,eudnk,Denmark,2709159.0
21,2011,eu,Europe,euesp,Spain,1311708.9999999998
22,2011,eu,Europe,euest,Estonia,1504122.9999999998
23,2011,eu,Europe,eufra,France,2514368.0
24,2011,eu,Europe,eugbr,United Kingdom,125253314.0
25,2011,eu,Europe,eugrc,Greece,2029027.0
26,2011,eu,Europe,euhrv,Croatia,4203557.0
27,2011,eu,Europe,euirl,Ireland,247187.0
28,2011,eu,Europe,euisl,Iceland,1692570.0
29,2011,eu,Europe,euita,Italy,83875477.0
30,2011,eu,Europe,eultu,Lithuania,86102.0
31,2011,eu,Europe,eulux,Luxembourg,17245.0
32,2011,eu,Europe,eumda,Moldova,519678.0
33,2011,eu,Europe,eumkd,North Macedonia,17160.0
34,2011,eu,Europe,eumlt,Malta,98463.0
35,2011,eu,Europe,eumne,Montenegro,13470.0
36,2011,eu,Europe,eunld,Netherlands,399640.99999999994
37,2011,eu,Europe,eunor,Norway,8306646.000000001
38,2011,eu,Europe,eupol,Poland,30280632.999999996
39,2011,eu,Europe,euprt,Portugal,24457007.999999996
40,2011,eu,Europe,eurus,Russia,1654374.0
41,2011,eu,Europe,eusrb,Serbia,1545963.0
42,2011,eu,Europe,eusvk,Slovakia,3448684.0
43,2011,eu,Europe,eusvn,Slovenia,2881330.0
44,2011,eu,Europe,euswe,Sweden,102875.0
45,2011,eu,Europe,euukr,Ukraine,4314767.0
46,2011,na,North America,naabw,Aruba,321949.0
47,2011,na,North America,nabrb,Barbados,626.0
48,2011,na,North America,nacan,Canada,866016.9999999999
49,2011,na,North America,nacuw,Curaçao,926217.0
50,2011,na,North America,nagrl,Greenland,1262.0
51,2011,na,North America,napan,Panama,1508762.0000000002
52,2011,na,North America,nausa,United States,199891139.0
53,2011,oc,Oceania,ocaus,Australia,17777.0
0,2012,af,Africa,afdza,Algeria,1799156.0
1,2012,af,Africa,afmar,Morocco,1317107.0000000002
2,2012,af,Africa,aftun,Tunisia,80153.0
3,2012,as,Asia,ashkg,Hong Kong,12.0
4,2012,as,Asia,asjpn,Japan,1639818.0
5,2012,as,Asia,askaz,Kazakhstan,102348.99999999999
6,2012,as,Asia,askor,South Korea,18360.0
7,2012,as,Asia,aslbn,Lebanon,675.9999999999999
8,2012,as,Asia,astur,Turkey,1086966.0000000002
9,2012,eu,Europe,eualb,Albania,159765.0
10,2012,eu,Europe,euaut,Austria,13842711.000000002
11,2012,eu,Europe,eubel,Belgium,196111470.0
12,2012,eu,Europe,eubih,Bosnia and Herzegovina,1317801.0000000002
13,2012,eu,Europe,eublr,Belarus,2442460.0
14,2012,eu,Europe,euche,Switzerland,526808.0
15,2012,eu,Europe,eucze,Czechia,19068272.0
16,2012,eu,Europe,eudeu,Germany,113389584.0
17,2012,eu,Europe,eudnk,Denmark,1259572.0
18,2012,eu,Europe,euesp,Spain,931673.0
19,2012,eu,Europe,euest,Estonia,2304384.0
20,2012,eu,Europe,eufin,Finland,3248234.0000000005
21,2012,eu,Europe,eufra,France,2073186.0000000002
22,2012,eu,Europe,eugbr,United Kingdom,161476161.99999997
23,2012,eu,Europe,euhrv,Croatia,1063004.0
24,2012,eu,Europe,euirl,Ireland,661600.0
25,2012,eu,Europe,euisl,Iceland,778816.0
26,2012,eu,Europe,euita,Italy,82125662.0
27,2012,eu,Europe,eultu,Lithuania,265304.00000000006
28,2012,eu,Europe,eulux,Luxembourg,74188.0
29,2012,eu,Europe,eumda,Moldova,186113.0
30,2012,eu,Europe,eumkd,North Macedonia,107877.00000000001
31,2012,eu,Europe,eumlt,Malta,19875.0
32,2012,eu,Europe,eumne,Montenegro,336106.0
33,2012,eu,Europe,eunld,Netherlands,17071088.0
34,2012,eu,Europe,eunor,Norway,6358973.000000001
35,2012,eu,Europe,eupol,Poland,23707735.0
36,2012,eu,Europe,euprt,Portugal,3139940.0
37,2012,eu,Europe,eurus,Russia,5914333.000000001
38,2012,eu,Europe,eusrb,Serbia,2429433.9999999995
39,2012,eu,Europe,eusvk,Slovakia,2543585.0
40,2012,eu,Europe,eusvn,Slovenia,3114554.0
41,2012,eu,Europe,euswe,Sweden,692248.9999999999
42,2012,eu,Europe,euukr,Ukraine,4984744.000000001
43,2012,na,North America,naabw,Aruba,210447.99999999997
44,2012,na,North America,nacan,Canada,799665.0
45,2012,na,North America,nacuw,Curaçao,925988.0
46,2012,na,North America,nagrl,Greenland,36525.99999999999
47,2012,na,North America,napan,Panama,3.0
48,2012,na,North America,nausa,United States,236496767.0
49,2012,na,North America,navgb,British Virgin Islands,495418.0
50,2012,oc,Oceania,ocaus,Australia,36459.0
51,2012,sa,South America,sachl,Chile,12139.000000000002
52,2012,sa,South America,saury,Uruguay,185914.00000000003
0,2013,af,Africa,afdza,Algeria,1566972.0000000002
1,2013,af,Africa,afegy,Egypt,90719.0
2,2013,af,Africa,afmar,Morocco,496343.0
3,2013,af,Africa,aftun,Tunisia,89568.0
4,2013,as,Asia,asbhr,Bahrain,195.0
5,2013,as,Asia,aschn,China,21.0
6,2013,as,Asia,asgeo,Georgia,2826843.0
7,2013,as,Asia,asjpn,Japan,1885825.0
8,2013,as,Asia,askaz,Kazakhstan,40.0
9,2013,as,Asia,askor,South Korea,106991.0
10,2013,as,Asia,aslbn,Lebanon,411.00000000000006
11,2013,as,Asia,assgp,Singapore,8.0
12,2013,as,Asia,astur,Turkey,944967.0
13,2013,eu,Europe,eualb,Albania,140606.0
14,2013,eu,Europe,euaut,Austria,195885.0
15,2013,eu,Europe,eubel,Belgium,224846893.0
16,2013,eu,Europe,eubih,Bosnia and Herzegovina,1956117.0000000002
17,2013,eu,Europe,eublr,Belarus,2301802.0
18,2013,eu,Europe,euche,Switzerland,565358.0000000001
19,2013,eu,Europe,eucze,Czechia,15350043.0
20,2013,eu,Europe,eudeu,Germany,81972277.99999999
21,2013,eu,Europe,eudnk,Denmark,4082857.9999999995
22,2013,eu,Europe,euesp,Spain,2155109.0
23,2013,eu,Europe,euest,Estonia,3070145.9999999995
24,2013,eu,Europe,eufin,Finland,3218895.9999999995
25,2013,eu,Europe,eufra,France,2094332.0000000002
26,2013,eu,Europe,eugbr,United Kingdom,136754969.0
27,2013,eu,Europe,eugrc,Greece,825078.0
28,2013,eu,Europe,euhrv,Croatia,191622.0
29,2013,eu,Europe,euirl,Ireland,1238226.0
30,2013,eu,Europe,euisl,Iceland,384445.99999999994
31,2013,eu,Europe,euita,Italy,59819890.99999999
32,2013,eu,Europe,eultu,Lithuania,85017.00000000001
33,2013,eu,Europe,eulux,Luxembourg,78433.0
34,2013,eu,Europe,eumda,Moldova,18131.0
35,2013,eu,Europe,eumkd,North Macedonia,203813.0
36,2013,eu,Europe,eumne,Montenegro,336417.0
37,2013,eu,Europe,eunld,Netherlands,24154240.0
38,2013,eu,Europe,eunor,Norway,6750416.0
39,2013,eu,Europe,eupol,Poland,661100.0
40,2013,eu,Europe,euprt,Portugal,3402042.0
41,2013,eu,Europe,eurus,Russia,5754476.0
42,2013,eu,Europe,eusrb,Serbia,4401862.0
43,2013,eu,Europe,eusvk,Slovakia,1924658.9999999998
44,2013,eu,Europe,eusvn,Slovenia,4192240.0
45,2013,eu,Europe,euswe,Sweden,2870442.9999999995
46,2013,eu,Europe,euukr,Ukraine,57111.00000000001
47,2013,na,North America,naabw,Aruba,190432.00000000003
48,2013,na,North America,nacan,Canada,763445.0
49,2013,na,North America,nacri,Costa Rica,14936.0
50,2013,na,North America,nacuw,Curaçao,637573.0
51,2013,na,North America,nagrl,Greenland,1896.9999999999998
52,2013,na,North America,napan,Panama,4565037.0
53,2013,na,North America,nausa,United States,204968273.99999997
54,2013,oc,Oceania,ocaus,Australia,31796.0
55,2013,oc,Oceania,ocncl,New Caledonia,81.0
56,2013,sa,South America,sachl,Chile,208.00000000000003
57,2013,sa,South America,saury,Uruguay,48803.99999999999
0,2014,af,Africa,afdza,Algeria,1969872.0
1,2014,af,Africa,afegy,Egypt,151272.00000000003
2,2014,af,Africa,aflby,Libya,325625.0
3,2014,af,Africa,afmar,Morocco,91401.00000000001
4,2014,af,Africa,aftun,Tunisia,327387.0
5,2014,as,Asia,asare,United Arab Emirates,5803.999999999999
6,2014,as,Asia,asarm,Armenia,22592.0
7,2014,as,Asia,asbhr,Bahrain,2015.0000000000002
8,2014,as,Asia,aschn,China,8.0
9,2014,as,Asia,asgeo,Georgia,16652.0
10,2014,as,Asia,asjpn,Japan,2023701.0
11,2014,as,Asia,askaz,Kazakhstan,5968.999999999999
12,2014,as,Asia,askwt,Kuwait,704.0000000000001
13,2014,as,Asia,aslbn,Lebanon,2051.0
14,2014,as,Asia,asqat,Qatar,13.000000000000002
15,2014,as,Asia,astur,Turkey,5690351.0
16,2014,eu,Europe,euaut,Austria,21417480.0
17,2014,eu,Europe,eubel,Belgium,195022941.99999997
18,2014,eu,Europe,eubgr,Bulgaria,409195.99999999994
19,2014,eu,Europe,eubih,Bosnia and Herzegovina,3854712.9999999995
20,2014,eu,Europe,euche,Switzerland,692330.0
21,2014,eu,Europe,eucze,Czechia,14560075.0
22,2014,eu,Europe,eudeu,Germany,77239500.99999999
23,2014,eu,Europe,eudnk,Denmark,3212370.9999999995
24,2014,eu,Europe,euesp,Spain,4174511.9999999995
25,2014,eu,Europe,euest,Estonia,1560652.0
26,2014,eu,Europe,eufin,Finland,514030.0
27,2014,eu,Europe,eufra,France,1961212.0000000002
28,2014,eu,Europe,eugbr,United Kingdom,191092740.0
29,2014,eu,Europe,eugrc,Greece,322434.0
30,2014,eu,Europe,euhrv,Croatia,324725.0
31,2014,eu,Europe,euirl,Ireland,1908.0000000000002
32,2014,eu,Europe,euisl,Iceland,293483.0
33,2014,eu,Europe,euita,Italy,102550734.0
34,2014,eu,Europe,eultu,Lithuania,22954.0
35,2014,eu,Europe,eulux,Luxembourg,94374.0
36,2014,eu,Europe,eumkd,North Macedonia,111791.0
37,2014,eu,Europe,eumne,Montenegro,56376.00000000001
38,2014,eu,Europe,eunld,Netherlands,26488737.999999996
39,2014,eu,Europe,eunor,Norway,1360440.0
40,2014,eu,Europe,eupol,Poland,269952.0
41,2014,eu,Europe,euprt,Portugal,942103.9999999999
42,2014,eu,Europe,eurus,Russia,378296.0
43,2014,eu,Europe,eusrb,Serbia,2252643.0
44,2014,eu,Europe,eusvk,Slovakia,1819127.0000000002
45,2014,eu,Europe,eusvn,Slovenia,604925.9999999999
46,2014,eu,Europe,euswe,Sweden,2241203.0
47,2014,eu,Europe,euukr,Ukraine,23092.0
48,2014,na,North America,naabw,Aruba,320570.0
49,2014,na,North America,nacan,Canada,742571.0
50,2014,na,North America,nacuw,Curaçao,1146983.0
51,2014,na,North America,nadom,Dominican Republic,1019.0000000000001
52,2014,na,North America,nagrl,Greenland,8414.0
53,2014,na,North America,nahnd,Honduras,9840.0
54,2014,na,North America,napan,Panama,19699.0
55,2014,na,North America,nausa,United States,222065197.0
56,2014,oc,Oceania,ocaus,Australia,58688.0
57,2014,oc,Oceania,ocncl,New Caledonia,273.99999999999994
58,2014,oc,Oceania,ocnzl,New Zealand,257.0
59,2014,sa,South America,sabra,Brazil,111.99999999999999
60,2014,sa,South America,sachl,Chile,780.0
0,2015,af,Africa,afdza,Algeria,9402346.0
1,2015,af,Africa,afmar,Morocco,117535.0
2,2015,af,Africa,aftun,Tunisia,328304.00000000006
3,2015,as,Asia,asare,United Arab Emirates,437.00000000000006
4,2015,as,Asia,asarm,Armenia,28193.0
5,2015,as,Asia,asbhr,Bahrain,228.0
6,2015,as,Asia,aschn,China,1.0
7,2015,as,Asia,ascyp,Cyprus,74051.0
8,2015,as,Asia,asirn,Iran,8379091.0
9,2015,as,Asia,asjpn,Japan,1745644.0
10,2015,as,Asia,askaz,Kazakhstan,81.99999999999999
11,2015,as,Asia,aslbn,Lebanon,1735.0
12,2015,as,Asia,astur,Turkey,7013139.0
13,2015,eu,Europe,euaut,Austria,21974107.000000004
14,2015,eu,Europe,eubel,Belgium,222640723.0
15,2015,eu,Europe,eubgr,Bulgaria,1707513.0
16,2015,eu,Europe,eubih,Bosnia and Herzegovina,5011899.0
17,2015,eu,Europe,eublr,Belarus,4047283.0
18,2015,eu,Europe,euche,Switzerland,682929.0
19,2015,eu,Europe,eucze,Czechia,11303017.0
20,2015,eu,Europe,eudeu,Germany,77808231.0
21,2015,eu,Europe,eudnk,Denmark,2931515.0
22,2015,eu,Europe,euesp,Spain,3804737.0
23,2015,eu,Europe,euest,Estonia,945225.0
24,2015,eu,Europe,eufin,Finland,4631666.0
25,2015,eu,Europe,eufra,France,2170594.0
26,2015,eu,Europe,eugbr,United Kingdom,155191679.0
27,2015,eu,Europe,eugrc,Greece,1930940.0
28,2015,eu,Europe,euhrv,Croatia,76667.0
29,2015,eu,Europe,euirl,Ireland,190582.0
30,2015,eu,Europe,euisl,Iceland,456176.99999999994
31,2015,eu,Europe,euita,Italy,119095686.99999999
32,2015,eu,Europe,eultu,Lithuania,12633.0
33,2015,eu,Europe,eulux,Luxembourg,69561.0
34,2015,eu,Europe,eumda,Moldova,44659.0
35,2015,eu,Europe,eumkd,North Macedonia,1291769.0
36,2015,eu,Europe,eumlt,Malta,311339.0
37,2015,eu,Europe,eumne,Montenegro,52726.00000000001
38,2015,eu,Europe,eunld,Netherlands,38943552.0
39,2015,eu,Europe,eunor,Norway,695348.9999999999
40,2015,eu,Europe,eupol,Poland,41326750.0
41,2015,eu,Europe,euprt,Portugal,5154047.000000001
42,2015,eu,Europe,eurou,Romania,888871.0000000001
43,2015,eu,Europe,eurus,Russia,31613.000000000004
44,2015,eu,Europe,eusrb,Serbia,1552081.0000000002
45,2015,eu,Europe,eusvk,Slovakia,5966191.0
46,2015,eu,Europe,eusvn,Slovenia,1114194.0
47,2015,eu,Europe,euswe,Sweden,1267903.0
48,2015,eu,Europe,euukr,Ukraine,400079.0
49,2015,na,North America,naabw,Aruba,372298.0
50,2015,na,North America,nacan,Canada,592260.0
51,2015,na,North America,nacuw,Curaçao,1034015.0000000001
52,2015,na,North America,nadom,Dominican Republic,76282.0
53,2015,na,North America,nagrl,Greenland,2316.0
54,2015,na,North America,nahnd,Honduras,17152.0
55,2015,na,North America,napan,Panama,3312.0
56,2015,na,North America,nausa,United States,162550884.0
57,2015,na,North America,navgb,British Virgin Islands,103950.0
58,2015,oc,Oceania,ocaus,Australia,52467.0
59,2015,oc,Oceania,ocncl,New Caledonia,215.0
60,2015,sa,South America,sabra,Brazil,225.0
61,2015,sa,South America,sachl,Chile,80635.0
0,2016,af,Africa,afdza,Algeria,4873784.000000001
1,2016,af,Africa,afegy,Egypt,389285.0
2,2016,af,Africa,afmar,Morocco,167517.0
3,2016,af,Africa,afsyc,Seychelles,57.0
4,2016,af,Africa,aftun,Tunisia,1132756.0
5,2016,as,Asia,asare,United Arab Emirates,15402.999999999998
6,2016,as,Asia,asbhr,Bahrain,2522.0
7,2016,as,Asia,aschn,China,9.000000000000002
8,2016,as,Asia,ascyp,Cyprus,176759.0
9,2016,as,Asia,ashkg,Hong Kong,5.0
10,2016,as,Asia,asirn,Iran,2543493.0
11,2016,as,Asia,asisr,Israel,13011.0
12,2016,as,Asia,asjpn,Japan,1742987.9999999998
13,2016,as,Asia,askor,South Korea,13.999999999999998
14,2016,as,Asia,askwt,Kuwait,88.00000000000001
15,2016,as,Asia,aslbn,Lebanon,460.0
16,2016,as,Asia,assau,Saudi Arabia,10003.0
17,2016,as,Asia,assgp,Singapore,166.99999999999997
18,2016,as,Asia,astur,Turkey,909459.0
19,2016,eu,Europe,eualb,Albania,706768.0
20,2016,eu,Europe,euaut,Austria,23970232.000000004
21,2016,eu,Europe,eubel,Belgium,240662193.0
22,2016,eu,Europe,eubgr,Bulgaria,1017175.0
23,2016,eu,Europe,eubih,Bosnia and Herzegovina,7829071.999999999
24,2016,eu,Europe,eublr,Belarus,3799069.0000000005
25,2016,eu,Europe,euche,Switzerland,3709083.0
26,2016,eu,Europe,eucze,Czechia,16734881.999999998
27,2016,eu,Europe,eudeu,Germany,63845920.99999999
28,2016,eu,Europe,eudnk,Denmark,811526.0000000001
29,2016,eu,Europe,euesp,Spain,5953436.0
30,2016,eu,Europe,euest,Estonia,9575.0
31,2016,eu,Europe,eufin,Finland,456429.00000000006
32,2016,eu,Europe,eufra,France,2543469.0
33,2016,eu,Europe,eugbr,United Kingdom,184790575.0
34,2016,eu,Europe,eugrc,Greece,10649275.0
35,2016,eu,Europe,euirl,Ireland,1807966.0000000002
36,2016,eu,Europe,euisl,Iceland,616761.0
37,2016,eu,Europe,euita,Italy,141367719.0
38,2016,eu,Europe,eultu,Lithuania,4240.0
39,2016,eu,Europe,eulux,Luxembourg,128572.99999999999
40,2016,eu,Europe,eulva,Latvia,15226.0
41,2016,eu,Europe,eumda,Moldova,247188.0
42,2016,eu,Europe,eumkd,North Macedonia,2549392.0000000005
43,2016,eu,Europe,eumlt,Malta,670723.0000000001
44,2016,eu,Europe,eumne,Montenegro,667870.0
45,2016,eu,Europe,eunld,Netherlands,55357180.0
46,2016,eu,Europe,eunor,Norway,4489935.0
47,2016,eu,Europe,eupol,Poland,4707195.0
48,2016,eu,Europe,euprt,Portugal,4051587.9999999995
49,2016,eu,Europe,eurou,Romania,322800.0
50,2016,eu,Europe,eurus,Russia,83687.99999999999
51,2016,eu,Europe,eusrb,Serbia,11032069.0
52,2016,eu,Europe,eusvk,Slovakia,8387493.0
53,2016,eu,Europe,eusvn,Slovenia,10099051.0
54,2016,eu,Europe,euswe,Sweden,2122612.0
55,2016,eu,Europe,euukr,Ukraine,395751.99999999994
56,2016,na,North America,naabw,Aruba,26869.0
57,2016,na,North America,nacan,Canada,526445.0
58,2016,na,North America,nacri,Costa Rica,24403.000000000004
59,2016,na,North America,nacuw,Curaçao,1342047.0
60,2016,na,North America,nadom,Dominican Republic,69087.0
61,2016,na,North America,nagrl,Greenland,1715.0
62,2016,na,North America,nahnd,Honduras,505.0
63,2016,na,North America,namex,Mexico,1510.0
64,2016,na,North America,napan,Panama,1970.0
65,2016,na,North America,naslv,El Salvador,27.000000000000004
66,2016,na,North America,nausa,United States,179732805.0
67,2016,oc,Oceania,ocaus,Australia,46113.0
68,2016,sa,South America,sachl,Chile,1702.0
0,2017,af,Africa,afdza,Algeria,119926.0
1,2017,af,Africa,afegy,Egypt,57919.0
2,2017,af,Africa,afmar,Morocco,258058.0
3,2017,af,Africa,aftun,Tunisia,23663.0
4,2017,as,Asia,asare,United Arab Emirates,1906.9999999999998
5,2017,as,Asia,asarm,Armenia,11655.999999999998
6,2017,as,Asia,asbhr,Bahrain,5609.0
7,2017,as,Asia,aschn,China,198662.99999999997
8,2017,as,Asia,ascyp,Cyprus,163932.00000000003
9,2017,as,Asia,asgeo,Georgia,17192.999999999996
10,2017,as,Asia,ashkg,Hong Kong,1.0
11,2017,as,Asia,asisr,Israel,11949.000000000002
12,2017,as,Asia,asjpn,Japan,1653461.0
13,2017,as,Asia,askaz,Kazakhstan,119.00000000000001
14,2017,as,Asia,askor,South Korea,14968.0
15,2017,as,Asia,askwt,Kuwait,44.00000000000001
16,2017,as,Asia,aslbn,Lebanon,2322.0
17,2017,as,Asia,asqat,Qatar,68277.0
18,2017,as,Asia,assau,Saudi Arabia,1068.0
19,2017,as,Asia,astur,Turkey,11947940.0
20,2017,eu,Europe,eualb,Albania,727315.0
21,2017,eu,Europe,euaut,Austria,28578176.0
22,2017,eu,Europe,eubel,Belgium,273379678.0
23,2017,eu,Europe,eubgr,Bulgaria,783978.9999999999
24,2017,eu,Europe,eubih,Bosnia and Herzegovina,9502737.0
25,2017,eu,Europe,eublr,Belarus,5072382.000000001
26,2017,eu,Europe,euche,Switzerland,10633061.000000002
27,2017,eu,Europe,eucze,Czechia,17658966.0
28,2017,eu,Europe,eudeu,Germany,60142931.0
29,2017,eu,Europe,eudnk,Denmark,491506.99999999994
30,2017,eu,Europe,euesp,Spain,10510518.999999998
31,2017,eu,Europe,euest,Estonia,319303.0
32,2017,eu,Europe,eufin,Finland,251720.99999999997
33,2017,eu,Europe,eufra,France,8489786.0
34,2017,eu,Europe,eugbr,United Kingdom,135937467.0
35,2017,eu,Europe,eugrc,Greece,13177445.0
36,2017,eu,Europe,euhrv,Croatia,875393.9999999999
37,2017,eu,Europe,euirl,Ireland,14177.0
38,2017,eu,Europe,euisl,Iceland,601989.0
39,2017,eu,Europe,euita,Italy,119049485.99999999
40,2017,eu,Europe,eultu,Lithuania,42656.00000000001
41,2017,eu,Europe,eulux,Luxembourg,107262.0
42,2017,eu,Europe,eumda,Moldova,163543.0
43,2017,eu,Europe,eumkd,North Macedonia,6065212.0
44,2017,eu,Europe,eumlt,Malta,498483.0
45,2017,eu,Europe,eumne,Montenegro,245149.0
46,2017,eu,Europe,eunld,Netherlands,62573083.0
47,2017,eu,Europe,eunor,Norway,4852840.999999999
48,2017,eu,Europe,eupol,Poland,981536.9999999999
49,2017,eu,Europe,euprt,Portugal,8810140.0
50,2017,eu,Europe,eurus,Russia,203847.0
51,2017,eu,Europe,eusrb,Serbia,10497078.000000002
52,2017,eu,Europe,eusvk,Slovakia,7090717.0
53,2017,eu,Europe,eusvn,Slovenia,33954761.0
54,2017,eu,Europe,euswe,Sweden,4902096.0
55,2017,eu,Europe,euukr,Ukraine,3190779.0000000005
56,2017,na,North America,naabw,Aruba,2465.9999999999995
57,2017,na,North America,naatg,Antigua and Barbuda,114.0
58,2017,na,North America,nacan,Canada,532003.0
59,2017,na,North America,nacri,Costa Rica,2637.0
60,2017,na,North America,nacuw,Curaçao,1226210.0
61,2017,na,North America,namex,Mexico,12.0
62,2017,na,North America,napan,Panama,2525.0
63,2017,na,North America,nausa,United States,161227590.0
64,2017,oc,Oceania,ocaus,Australia,15555.0
65,2017,sa,South America,sachl,Chile,1683.0
0,2018,af,Africa,aflby,Libya,38236.99999999999
1,2018,af,Africa,afmar,Morocco,317851.0
2,2018,af,Africa,aftun,Tunisia,26735.0
3,2018,as,Asia,asare,United Arab Emirates,865.0
4,2018,as,Asia,asbhr,Bahrain,8293.0
5,2018,as,Asia,aschn,China,154799.0
6,2018,as,Asia,asgeo,Georgia,42120.0
7,2018,as,Asia,ashkg,Hong Kong,110.0
8,2018,as,Asia,asisr,Israel,1855.9999999999998
9,2018,as,Asia,asjpn,Japan,1918075.0
10,2018,as,Asia,askor,South Korea,9267.999999999998
11,2018,as,Asia,askwt,Kuwait,146.0
12,2018,as,Asia,aslbn,Lebanon,655.9999999999999
13,2018,as,Asia,asmys,Malaysia,171.0
14,2018,as,Asia,assau,Saudi Arabia,2921.9999999999995
15,2018,as,Asia,astur,Turkey,948885.0
16,2018,eu,Europe,eualb,Albania,677888.0
17,2018,eu,Europe,euaut,Austria,38323155.0
18,2018,eu,Europe,eubel,Belgium,205897169.0
19,2018,eu,Europe,eubgr,Bulgaria,1042487.0000000001
20,2018,eu,Europe,eubih,Bosnia and Herzegovina,7780690.0
21,2018,eu,Europe,eublr,Belarus,871842.0
22,2018,eu,Europe,euche,Switzerland,12252026.000000002
23,2018,eu,Europe,eucze,Czechia,25588211.0
24,2018,eu,Europe,eudeu,Germany,75830350.0
25,2018,eu,Europe,eudnk,Denmark,396135.0
26,2018,eu,Europe,euesp,Spain,10185374.0
27,2018,eu,Europe,euest,Estonia,101241.0
28,2018,eu,Europe,eufin,Finland,3018.0000000000005
29,2018,eu,Europe,eufra,France,10610848.999999998
30,2018,eu,Europe,eugbr,United Kingdom,155496671.0
31,2018,eu,Europe,eugrc,Greece,11543495.0
32,2018,eu,Europe,euhrv,Croatia,1272030.0
33,2018,eu,Europe,euirl,Ireland,4046409.0
34,2018,eu,Europe,euisl,Iceland,62793.0
35,2018,eu,Europe,euita,Italy,100462041.99999999
36,2018,eu,Europe,eultu,Lithuania,13922.0
37,2018,eu,Europe,eulux,Luxembourg,303063.0
38,2018,eu,Europe,eulva,Latvia,20705.0
39,2018,eu,Europe,eumda,Moldova,153918.99999999997
40,2018,eu,Europe,eumkd,North Macedonia,6289156.0
41,2018,eu,Europe,eumlt,Malta,376973.0
42,2018,eu,Europe,eumne,Montenegro,919714.0
43,2018,eu,Europe,eunld,Netherlands,60459302.0
44,2018,eu,Europe,eunor,Norway,5337326.0
45,2018,eu,Europe,eupol,Poland,65222892.0
46,2018,eu,Europe,euprt,Portugal,4561267.0
47,2018,eu,Europe,eurou,Romania,49452.0
48,2018,eu,Europe,eurus,Russia,2819038.0
49,2018,eu,Europe,eusrb,Serbia,12888265.0
50,2018,eu,Europe,eusvk,Slovakia,10814396.0
51,2018,eu,Europe,eusvn,Slovenia,27565682.999999996
52,2018,eu,Europe,euswe,Sweden,2094395.0
53,2018,eu,Europe,euukr,Ukraine,4885472.0
54,2018,na,North America,naabw,Aruba,268039.0
55,2018,na,North America,naatg,Antigua and Barbuda,1376.0
56,2018,na,North America,nacan,Canada,639974.0
57,2018,na,North America,nacri,Costa Rica,3998.9999999999995
58,2018,na,North America,nacub,Cuba,134078.0
59,2018,na,North America,nacuw,Curaçao,1362536.0
60,2018,na,North America,nagrl,Greenland,90.0
61,2018,na,North America,nahnd,Honduras,27290.0
62,2018,na,North America,napan,Panama,3413.0000000000005
63,2018,na,North America,nausa,United States,171567353.0
64,2018,oc,Oceania,ocaus,Australia,17215.0
65,2018,sa,South America,saarg,Argentina,940136.0000000001
66,2018,sa,South America,sabra,Brazil,3.0
67,2018,sa,South America,sachl,Chile,175055.0
0,2019,af,Africa,afdza,Algeria,1352736.0
1,2019,af,Africa,afmar,Morocco,854053.0
2,2019,af,Africa,aftun,Tunisia,599018.0
3,2019,as,Asia,asare,United Arab Emirates,1653.0
4,2019,as,Asia,asaze,Azerbaijan,80597.0
5,2019,as,Asia,asbhr,Bahrain,3613.0
6,2019,as,Asia,aschn,China,4093430.0
7,2019,as,Asia,ashkg,Hong Kong,9760.0
8,2019,as,Asia,asjpn,Japan,2438271.0
9,2019,as,Asia,askor,South Korea,839480.0
10,2019,as,Asia,askwt,Kuwait,168.99999999999997
11,2019,as,Asia,aslbn,Lebanon,407.0
12,2019,as,Asia,asmac,Macau,19.0
13,2019,as,Asia,asqat,Qatar,904.0
14,2019,as,Asia,assau,Saudi Arabia,75041.0
15,2019,as,Asia,assgp,Singapore,403.99999999999994
16,2019,as,Asia,astur,Turkey,3649049.0000000005
17,2019,eu,Europe,eualb,Albania,581414.0
18,2019,eu,Europe,euaut,Austria,316830.0
19,2019,eu,Europe,eubel,Belgium,203409228.0
20,2019,eu,Europe,eubgr,Bulgaria,162043.0
21,2019,eu,Europe,eubih,Bosnia and Herzegovina,4196358.0
22,2019,eu,Europe,eublr,Belarus,82792.0
23,2019,eu,Europe,euche,Switzerland,9085476.999999998
24,2019,eu,Europe,eucze,Czechia,27548152.0
25,2019,eu,Europe,eudeu,Germany,94564065.99999999
26,2019,eu,Europe,eudnk,Denmark,521030.99999999994
27,2019,eu,Europe,euesp,Spain,21300986.0
28,2019,eu,Europe,euest,Estonia,169212.00000000003
29,2019,eu,Europe,eufin,Finland,1636914.0
30,2019,eu,Europe,eufra,France,6102015.0
31,2019,eu,Europe,eugbr,United Kingdom,170241616.0
32,2019,eu,Europe,eugrc,Greece,6863448.0
33,2019,eu,Europe,euhrv,Croatia,542083.0000000001
34,2019,eu,Europe,euirl,Ireland,454152.0
35,2019,eu,Europe,euisl,Iceland,90228.0
36,2019,eu,Europe,euita,Italy,125087837.0
37,2019,eu,Europe,eultu,Lithuania,176932.00000000003
38,2019,eu,Europe,eulux,Luxembourg,170257.99999999997
39,2019,eu,Europe,eumda,Moldova,165821.0
40,2019,eu,Europe,eumkd,North Macedonia,3273202.0
41,2019,eu,Europe,eumlt,Malta,946816.0
42,2019,eu,Europe,eumne,Montenegro,690156.9999999999
43,2019,eu,Europe,eunld,Netherlands,66866482.0
44,2019,eu,Europe,eunor,Norway,1302596.0
45,2019,eu,Europe,eupol,Poland,3169324.0
46,2019,eu,Europe,euprt,Portugal,11902761.0
47,2019,eu,Europe,eurou,Romania,55001.99999999999
48,2019,eu,Europe,eurus,Russia,7467366.999999999
49,2019,eu,Europe,eusrb,Serbia,10818723.0
50,2019,eu,Europe,eusvk,Slovakia,8506690.999999998
51,2019,eu,Europe,eusvn,Slovenia,30183030.0
52,2019,eu,Europe,euswe,Sweden,1860384.0
53,2019,eu,Europe,euukr,Ukraine,17510834.0
54,2019,na,North America,naabw,Aruba,527354.0
55,2019,na,North America,naatg,Antigua and Barbuda,179.0
56,2019,na,North America,nacan,Canada,535097.0
57,2019,na,North America,nacri,Costa Rica,35.0
58,2019,na,North America,nacuw,Curaçao,2123370.0
59,2019,na,North America,nahnd,Honduras,178102.99999999997
60,2019,na,North America,napan,Panama,780.0
61,2019,na,North America,naslv,El Salvador,2862.0
62,2019,na,North America,nausa,United States,149292263.0
63,2019,sa,South America,saarg,Argentina,1054437.0
64,2019,sa,South America,sabol,Bolivia,2.0
65,2019,sa,South America,sachl,Chile,306.0
66,2019,sa,South America,saecu,Ecuador,1983.0
0,2020,af,Africa,afdza,Algeria,2907845.9999999995
1,2020,af,Africa,afmar,Morocco,379436.99999999994
2,2020,af,Africa,aftun,Tunisia,1383649.0
3,2020,as,Asia,asare,United Arab Emirates,205405.99999999997
4,2020,as,Asia,asbhr,Bahrain,8742.0
5,2020,as,Asia,aschn,China,7550090.0
6,2020,as,Asia,ashkg,Hong Kong,125.0
7,2020,as,Asia,asjpn,Japan,2294632.0
8,2020,as,Asia,askor,South Korea,14944458.0
9,2020,as,Asia,askwt,Kuwait,7338.999999999999
10,2020,as,Asia,aslbn,Lebanon,281.0
11,2020,as,Asia,asmys,Malaysia,115.0
12,2020,as,Asia,asqat,Qatar,13081.0
13,2020,as,Asia,assau,Saudi Arabia,5619.0
14,2020,as,Asia,astur,Turkey,6018981.0
15,2020,eu,Europe,eualb,Albania,707301.0
16,2020,eu,Europe,euaut,Austria,26249441.000000004
17,2020,eu,Europe,eubel,Belgium,170605188.99999997
18,2020,eu,Europe,eubgr,Bulgaria,100714.0
19,2020,eu,Europe,eubih,Bosnia and Herzegovina,3152631.0
20,2020,eu,Europe,eublr,Belarus,204977.99999999997
21,2020,eu,Europe,euche,Switzerland,10060395.0
22,2020,eu,Europe,eucze,Czechia,22615763.0
23,2020,eu,Europe,eudeu,Germany,65362155.0
24,2020,eu,Europe,eudnk,Denmark,60923.0
25,2020,eu,Europe,euesp,Spain,35964925.0
26,2020,eu,Europe,euest,Estonia,186583.0
27,2020,eu,Europe,eufin,Finland,1909774.0
28,2020,eu,Europe,eufra,France,24120886.000000004
29,2020,eu,Europe,eugbr,United Kingdom,161487123.00000003
30,2020,eu,Europe,eugrc,Greece,4434904.0
31,2020,eu,Europe,euhrv,Croatia,16826.0
32,2020,eu,Europe,euirl,Ireland,101427.0
33,2020,eu,Europe,euisl,Iceland,59787.0
34,2020,eu,Europe,euita,Italy,120796114.0
35,2020,eu,Europe,eultu,Lithuania,469948.00000000006
36,2020,eu,Europe,eulux,Luxembourg,67540.0
37,2020,eu,Europe,eulva,Latvia,19174.0
38,2020,eu,Europe,eumda,Moldova,61129.0
39,2020,eu,Europe,eumkd,North Macedonia,2036317.0
40,2020,eu,Europe,eumlt,Malta,186520.0
41,2020,eu,Europe,eumne,Montenegro,459681.0
42,2020,eu,Europe,eunld,Netherlands,60135636.0
43,2020,eu,Europe,eunor,Norway,2330340.0
44,2020,eu,Europe,eupol,Poland,45189886.0
45,2020,eu,Europe,euprt,Portugal,14299633.999999998
46,2020,eu,Europe,eurou,Romania,9711.0
47,2020,eu,Europe,eurus,Russia,11039595.0
48,2020,eu,Europe,eusrb,Serbia,10995578.000000002
49,2020,eu,Europe,eusvk,Slovakia,11378636.0
50,2020,eu,Europe,eusvn,Slovenia,37846646.0
51,2020,eu,Europe,euswe,Sweden,5010730.0
52,2020,eu,Europe,euukr,Ukraine,12988166.000000002
53,2020,na,North America,naabw,Aruba,1056827.0
54,2020,na,North America,nacan,Canada,669993.9999999999
55,2020,na,North America,nacri,Costa Rica,8433.0
56,2020,na,North America,nacuw,Curaçao,2220413.0
57,2020,na,North America,napan,Panama,695.0
58,2020,na,North America,nausa,United States,168379061.00000003
59,2020,oc,Oceania,ocaus,Australia,8721.0
60,2020,sa,South America,saarg,Argentina,4116087.9999999995
61,2020,sa,South America,sachl,Chile,24103.0
